@id,name,name:ar,network,network:wikidata,operator,operator:wikidata,public_transport,railway,tram,lon,lat,alt_name:ft,alt_name:ar,alt_name:fr,name:fr,name:de,name:en,source,name:it,shelter,amenity,operator:fr,wikidata,wikipedia,@geometry,addr:city,addr:city:fr,building,old_name,old_name:fr,addr:postcode,layer,toilets:wheelchair,wheelchair,addr:housenumber,addr:street,addr:street:fr,barrier,denomination,operator:wikipedia,phone,website,addr:suburb,description,alt_name,check_date,opening_hours,religion,name:ber,name:kab,note,residential,landuse,old_name:ar,short_name,addr:country,email,wikimedia_commons,addr:state,contact:facebook,contact:twitter,contact:youtube,fax,name:pt,official_name:kab,old_short_name,addr:city:ar,name:es,facebook,alt_name:en,contact:email,contact:website,material,name:fa,short_name:fr
node/452418787,Cité Mokhtar Zerhouni,حي مختار زرهوني,ترامواي الجزائر,Q1688502,SETRAM,Q22688489,stop_position,tram_stop,yes,3.1743236,36.7294782,,,,,,,,,,,,,,,,,,,,,,,,,,,,,,,,,,,,,,,,,,,,,,,,,,,,,,,,,,,,,,,,
node/472084248,Cité Universitaire - CUB 1,الإقامة الجامعية - ح ج ب 1,ترامواي الجزائر,Q1688502,SETRAM,Q22688489,stop_position,tram_stop,yes,3.1840653,36.7322506,RUBE 1,,,,,,,,,,,,,,,,,,,,,,,,,,,,,,,,,,,,,,,,,,,,,,,,,,,,,,,,,,,,,,,
node/472084262,Bab Ezzouar - Le Pont باب الزوار - الجسر,باب الزوار - الجسر,ترامواي الجزائر,Q1688502,SETRAM,Q22688489,stop_position,tram_stop,yes,3.184784,36.7243461,,,,,,,,,,,,,,,,,,,,,,,,,,,,,,,,,,,,,,,,,,,,,,,,,,,,,,,,,,,,,,,,
node/472084274,Université de Bab Ezzouar,جامعة باب الزوار,ترامواي الجزائر,Q1688502,SETRAM,Q22688489,stop_position,tram_stop,yes,3.1795751,36.7208103,,جامعة العلوم و التكنولوجيا هواري بومدين,Université USTHB,,,,,,,,,,,,,,,,,,,,,,,,,,,,,,,,,,,,,,,,,,,,,,,,,,,,,,,,,,,,,
node/472084279,Cité Rabia,حي رابية,ترامواي الجزائر,Q1688502,SETRAM,Q22688489,stop_position,tram_stop,yes,3.1769703,36.7244806,,,,,,,,,,,,,,,,,,,,,,,,,,,,,,,,,,,,,,,,,,,,,,,,,,,,,,,,,,,,,,,,
node/472084291,Tamaris,حي المندرين,ترامواي الجزائر,Q1688502,SETRAM,Q22688489,stop_position,tram_stop,yes,3.1732935,36.7325544,,,,,,,,,,,,,,,,,,,,,,,,,,,,,,,,,,,,,,,,,,,,,,,,,,,,,,,,,,,,,,,,
node/472084293,Les Pins,الصنوبر,ترامواي الجزائر,Q1688502,SETRAM,Q22688489,stop_position,tram_stop,yes,3.1670294,36.7321994,,,,,,,,,,,,,,,,,,,,,,,,,,,,,,,,,,,,,,,,,,,,,,,,,,,,,,,,,,,,,,,,
node/472084301,Foire d'Alger,قصر المعارض,ترامواي الجزائر,Q1688502,SETRAM,Q22688489,stop_position,tram_stop,yes,3.1613689,36.7312694,,,,,,,,,,,,,,,,,,,,,,,,,,,,,,,,,,,,,,,,,,,,,,,,,,,,,,,,,,,,,,,,
node/472089383,Cinq Maisons,الديار الخمس,ترامواي الجزائر,Q1688502,SETRAM,Q22688489,,tram_stop,,3.1508033,36.7258806,,سان ميزون,,Cinq Maisons,,,,,,,,,,,,,,,,,,,,,,,,,,,,,,,,,,,,,,,,,,,,,,,,,,,,,,,,,,,,
node/472089389,Bekri Bouguerra,بكري بوقرة,ترامواي الجزائر,Q1688502,SETRAM,Q22688489,stop_position,tram_stop,yes,3.1434353,36.7278111,,,,,,,,,,,,,,,,,,,,,,,,,,,,,,,,,,,,,,,,,,,,,,,,,,,,,,,,,,,,,,,,
node/472089401,Pont El Harrach,جسر الحراش,ترامواي الجزائر,Q1688502,SETRAM,Q22688489,stop_position,tram_stop,yes,3.1301597,36.7302783,,,,Pont El Harrach,,,,,,,,,,,,,,,,,,,,,,,,,,,,,,,,,,,,,,,,,,,,,,,,,,,,,,,,,,,,
node/472089412,Tripoli-Magharia,طرابلس - المقرية,ترامواي الجزائر,Q1688502,SETRAM,Q22688489,stop_position,tram_stop,yes,3.1136772,36.7370321,,,,Tripoli - Makaria,,,,,,,,,,,,,,,,,,,,,,,,,,,,,,,,,,,,,,,,,,,,,,,,,,,,,,,,,,,,
node/472089415,Tripoli - Hamadeche,طرابلس - حمداش,,,SETRAM,,stop_position,tram_stop,yes,3.1040904,36.7407195,,,,,,,,,,,,,,,,,,,,,,,,,,,,,,,,,,,,,,,,,,,,,,,,,,,,,,,,,,,,,,,,
node/472089416,Tripoli - Mosquée,طرابلس - المسجد,ترامواي الجزائر,Q1688502,SETRAM,Q22688489,stop_position,tram_stop,yes,3.0974131,36.7432626,,,,,,,,,,,,,,,,,,,,,,,,,,,,,,,,,,,,,,,,,,,,,,,,,,,,,,,,,,,,,,,,
node/472089428,Les Fusillés,المعدومين,ترامواي الجزائر,Q1688502,SETRAM,Q22688489,stop_position,tram_stop,yes,3.086813,36.7459931,,,,Les Fusillés,,,,,,,,,,,,,,,,,,,,,,,,,,,,,,,,,,,,,,,,,,,,,,,,,,,,,,,,,,,,
node/689997704,Bordj El Kiffan - Polyclinique,برج الكيفان - العيادة,ترامواي الجزائر,Q1688502,SETRAM,Q22688489,stop_position,tram_stop,yes,3.1970759,36.7481604,,,,,,,,,,,,,,,,,,,,,,,,,,,,,,,,,,,,,,,,,,,,,,,,,,,,,,,,,,,,,,,,
node/689997724,Bordj El Kiffan - Centre,برج الكيفان - وسط,ترامواي الجزائر,Q1688502,SETRAM,Q22688489,stop_position,tram_stop,yes,3.1910023,36.7470254,,,,,,,,,,,,,,,,,,,,,,,,,,,,,,,,,,,,,,,,,,,,,,,,,,,,,,,,,,,,,,,,
node/689997745,Bordj El Kifane - Lycée,,ترامواي الجزائر,,SETRAM,,stop_position,tram_stop,yes,3.1876677,36.7453267,,,Lycée,برج الكيفان - الثانوية,,,,,,,,,,,,,,,,,,,,,,,,,,,,,,,,,,,,,,,,,,,,,,,,,,,,,,,,,,,,
node/689997751,Cité Claire Matin,,ترامواي الجزائر,Q1688502,SETRAM,Q22688489,stop_position,tram_stop,yes,3.1860904,36.7409744,,,,حي الصباح,,,,,,,,,,,,,,,,,,,,,,,,,,,,,,,,,,,,,,,,,,,,,,,,,,,,,,,,,,,,
node/689997781,Cité 8 Mai 1945,حي 8 ماي 1945,ترامواي الجزائر,Q1688502,SETRAM,Q22688489,stop_position,tram_stop,yes,3.1849088,36.7373281,,,,,,,,,,,,,,,,,,,,,,,,,,,,,,,,,,,,,,,,,,,,,,,,,,,,,,,,,,,,,,,,
node/956392789,Ruisseau,الرويسو,ترامواي الجزائر,Q1688502,SETRAM,Q22688489,stop_position,tram_stop,yes,3.0834886,36.742878,,رويسو,,,,,,,,,,,,,,,,,,,,,,,,,,,,,,,,,,,,,,,,,,,,,,,,,,,,,,,,,,,,,,
node/1626899500,Cité 5 juillet,حي 5 جويلية,ترامواي الجزائر,Q1688502,SETRAM,Q22688489,stop_position,tram_stop,yes,3.1828188,36.7215273,,,,,,,,,,,,,,,,,,,,,,,,,,,,,,,,,,,,,,,,,,,,,,,,,,,,,,,,,,,,,,,,
node/1929028675,Mouhous,,ترامواي الجزائر,Q1688502,SETRAM,Q22688489,,tram_stop,,3.206485,36.7493038,,,,Mouhous,,,,,,,,,,,,,,,,,,,,,,,,,,,,,,,,,,,,,,,,,,,,,,,,,,,,,,,,,,,,
node/2253518514,La Glacière,الهواء الجميل,ترامواي الجزائر,Q1688502,SETRAM,Q22688489,stop_position,tram_stop,yes,3.1246314,36.7328166,,,,,,,,,,,,,,,,,,,,,,,,,,,,,,,,,,,,,,,,,,,,,,,,,,,,,,,,,,,,,,,,
node/2253518671,Caroubier,الخروبة,ترامواي الجزائر,Q1688502,SETRAM,Q22688489,,tram_stop,,3.1181771,36.7357136,,,,Caroubier,Caroubier,Caroubier,,,,,,,,,,,,,,,,,,,,,,,,,,,,,,,,,,,,,,,,,,,,,,,,,,,,,,,,,,
node/2253518723,Bellevue,المنظر الجميل,ترامواي الجزائر,Q1688502,SETRAM,Q22688489,stop_position,tram_stop,yes,3.1360516,36.7294979,,,,Bellevue,,,,,,,,,,,,,,,,,,,,,,,,,,,,,,,,,,,,,,,,,,,,,,,,,,,,,,,,,,,,
node/2402077544,Tripoli - Thâalibia,,,,SETRAM,,stop_position,tram_stop,yes,3.0922946,36.7452182,,,,,,,,,,,,,,,,,,,,,,,,,,,,,,,,,,,,,,,,,,,,,,,,,,,,,,,,,,,,,,,,
node/2951946502,Benzerga,,ترامواي الجزائر,Q1688502,SETRAM,Q22688489,,tram_stop,,3.2451557,36.7730406,,,,Benzerga,,Benzerga,,,,,,,,,,,,,,,,,,,,,,,,,,,,,,,,,,,,,,,,,,,,,,,,,,,,,,,,,,
node/3009232878,Mimouni Hamoudi,ميموني محمود,ترامواي الجزائر,Q1688502,Setram,Q22688489,,tram_stop,,3.2119921,36.7503142,,,,Mimouni Hamoudi,,Mimouni Hamoudi,,,,,,,,,,,,,,,,,,,,,,,,,,,,,,,,,,,,,,,,,,,,,,,,,,,,,,,,,,
node/3010708035,La Glacière,,ترامواي الجزائر,Q1688502,SETRAM,Q22688489,,tram_stop,,3.1245275,36.7326363,,,,,,,,,,,,,,,,,,,,,,,,,,,,,,,,,,,,,,,,,,,,,,,,,,,,,,,,,,,,,,,,
node/3102187300,Ben Mrabet,بن مرابط,ترامواي الجزائر,Q1688502,SETRAM,Q22688489,,tram_stop,,3.2200951,36.7535674,,,,Ben Mrabet,,Ben Mrabet,,,,,,,,,,,,,,,,,,,,,,,,,,,,,,,,,,,,,,,,,,,,,,,,,,,,,,,,,,
node/3220011165,Sidi Dris,سيدي ادريس,ترامواي الجزائر,Q1688502,SETRAM,Q22688489,,tram_stop,,3.2384262,36.7660323,,,,Sidi Dris,,Sidi Dris,,,,,,,,,,,,,,,,,,,,,,,,,,,,,,,,,,,,,,,,,,,,,,,,,,,,,,,,,,
node/3220011760,Café Chergui,قهوة شرقي,ترامواي الجزائر,Q1688502,SETRAM,Q22688489,stop_position,tram_stop,yes,3.2501635,36.7774533,,,,,,,local knowledge,,,,,,,,,,,,,,,,,,,,,,,,,,,,,,,,,,,,,,,,,,,,,,,,,,,,,,,,,
node/3376367448,Ben Mered,بن مراد,ترامواي الجزائر,Q1688502,SETRAM,Q22688489,,tram_stop,,3.2294045,36.7589908,,,,Ben Mered,,Ben Mered,,,,,,,,,,,,,,,,,,,,,,,,,,,,,,,,,,,,,,,,,,,,,,,,,,,,,,,,,,
node/3512265690,Les Fusillés,المعدومين,ترامواي الجزائر,Q1688502,SETRAM,Q22688489,stop_position,tram_stop,yes,3.0867914,36.7460096,,,,Les Fusillés,,,,,,,,,,,,,,,,,,,,,,,,,,,,,,,,,,,,,,,,,,,,,,,,,,,,,,,,,,,,
node/3513492377,Ben Mered,بن مراد,ترامواي الجزائر,Q1688502,SETRAM,Q22688489,,tram_stop,,3.2293823,36.7590229,,,,,,,,,,,,,,,,,,,,,,,,,,,,,,,,,,,,,,,,,,,,,,,,,,,,,,,,,,,,,,,,
node/3513515526,Café Chergui,قهوة شرقي,,,,,stop_position,tram_stop,yes,3.2501708,36.7774912,,,,,,,,,,,,,,,,,,,,,,,,,,,,,,,,,,,,,,,,,,,,,,,,,,,,,,,,,,,,,,,,
node/3513529208,Mimouni Mahmoud,ميموني محمود,ترامواي الجزائر,Q1688502,SETRAM,Q22688489,,tram_stop,,3.2119574,36.7503702,,,,Mimouni Mahmoud,Mimouni Mahmoud,Mimouni Mahmoud,,Mimouni Mahmoud,,,,,,,,,,,,,,,,,,,,,,,,,,,,,,,,,,,,,,,,,,,,,,,,,,,,,,,,
node/3513532150,Benzerga,,ترامواي الجزائر,Q1688502,SETRAM,Q22688489,,tram_stop,,3.2451316,36.7730613,,,,,,,,,,,,,,,,,,,,,,,,,,,,,,,,,,,,,,,,,,,,,,,,,,,,,,,,,,,,,,,,
node/3513534789,Sidi Dris,سيدي دريس,ترامواي الجزائر,Q1688502,SETRAM,Q22688489,,tram_stop,,3.2384001,36.7660513,,,,,,,,,,,,,,,,,,,,,,,,,,,,,,,,,,,,,,,,,,,,,,,,,,,,,,,,,,,,,,,,
node/3513537666,Mouhous,,ترامواي الجزائر,Q1688502,SETRAM,Q22688489,,tram_stop,,3.2064851,36.7493554,,,,,,,,,,,,,,,,,,,,,,,,,,,,,,,,,,,,,,,,,,,,,,,,,,,,,,,,,,,,,,,,
node/3513540400,Ben Mrabet,بن مرابط,ترامواي الجزائر,Q1688502,SETRAM,Q22688489,,tram_stop,,3.2200865,36.753599,,,,,,,,,,,,,,,,,,,,,,,,,,,,,,,,,,,,,,,,,,,,,,,,,,,,,,,,,,,,,,,,
node/3513552241,Bordj El Kiffan - Polyclinique,برج الكيفان - العيادة,ترامواي الجزائر,Q1688502,SETRAM,Q22688489,stop_position,tram_stop,yes,3.1971485,36.7482018,,,,,,,,,,,,,,,,,,,,,,,,,,,,,,,,,,,,,,,,,,,,,,,,,,,,,,,,,,,,,,,,
node/3513552242,Bordj El Kiffan - Centre,برج الكيفان - وسط,ترامواي الجزائر,Q1688502,SETRAM,Q22688489,stop_position,tram_stop,yes,3.1909913,36.747044,,,,,,,,,,,,,,,,,,,,,,,,,,,,,,,,,,,,,,,,,,,,,,,,,,,,,,,,,,,,,,,,
node/3513552990,Bordj El Kiffan - Lycée,برج الكيفان - الثانوية,ترامواي الجزائر,Q1688502,SETRAM,Q22688489,stop_position,tram_stop,yes,3.1876436,36.7453314,,,,,,,,,,,,,,,,,,,,,,,,,,,,,,,,,,,,,,,,,,,,,,,,,,,,,,,,,,,,,,,,
node/3513571593,Cité Clair Matin,حي الصباح,ترامواي الجزائر,Q1688502,SETRAM,Q22688489,stop_position,tram_stop,yes,3.1860611,36.7409816,,,,,,,,,,,,,,,,,,,,,,,,,,,,,,,,,,,,,,,,,,,,,,,,,,,,,,,,,,,,,,,,
node/3513573388,Cité 8 mai 1945,حي 8 ماي 1945,ترامواي الجزائر,Q1688502,SETRAM,Q22688489,stop_position,tram_stop,yes,3.1848779,36.737329,,,,,,,,,,,,,,,,,,,,,,,,,,,,,,,,,,,,,,,,,,,,,,,,,,,,,,,,,,,,,,,,
node/3513574204,Bab Ezzouar - Le Pont,باب الزوار - الجسر,ترامواي الجزائر,Q1688502,SETRAM,Q22688489,stop_position,tram_stop,yes,3.1847488,36.7243368,,,,,,,,,,,,,,,,,,,,,,,,,,,,,,,,,,,,,,,,,,,,,,,,,,,,,,,,,,,,,,,,
node/3513575500,Cité Universitaire - CUB 1,الإقامة الجامعية - ح ج ب 1,ترامواي الجزائر,Q1688502,SETRAM,Q22688489,stop_position,tram_stop,yes,3.1840388,36.7322534,,,,,,,,,,,,,,,,,,,,,,,,,,,,,,,,,,,,,,,,,,,,,,,,,,,,,,,,,,,,,,,,
node/3513576390,Cité 5 juillet,حي 5 جويلية,ترامواي الجزائر,Q1688502,SETRAM,Q22688489,stop_position,tram_stop,yes,3.1827917,36.721547,,,,,,,,,,,,,,,,,,,,,,,,,,,,,,,,,,,,,,,,,,,,,,,,,,,,,,,,,,,,,,,,
node/3513576791,Cité Rabia,حي رابية,ترامواي الجزائر,Q1688502,SETRAM,Q22688489,stop_position,tram_stop,yes,3.1770059,36.7244919,,,,,,,,,,,,,,,,,,,,,,,,,,,,,,,,,,,,,,,,,,,,,,,,,,,,,,,,,,,,,,,,
node/3513604611,Université de Bab Ezzouar,جامعة باب الزوار,ترامواي الجزائر,Q1688502,SETRAM,Q22688489,stop_position,tram_stop,yes,3.1795987,36.7208223,,,,,,,,,,,,,,,,,,,,,,,,,,,,,,,,,,,,,,,,,,,,,,,,,,,,,,,,,,,,,,,,
node/3513613686,Cité Mokhtar Zerhouni,حي مختار زرهوني,ترامواي الجزائر,Q1688502,SETRAM,Q22688489,stop_position,tram_stop,yes,3.1743557,36.7294778,,,,,,,,,,,,,,,,,,,,,,,,,,,,,,,,,,,,,,,,,,,,,,,,,,,,,,,,,,,,,,,,
node/3513613882,Les Pins,الصنوبر,ترامواي الجزائر,Q1688502,SETRAM,Q22688489,stop_position,tram_stop,yes,3.1670089,36.7322233,,,,,,,,,,,,,,,,,,,,,,,,,,,,,,,,,,,,,,,,,,,,,,,,,,,,,,,,,,,,,,,,
node/3513616950,Tamaris,حي المندرين,ترامواي الجزائر,Q1688502,,Q22688489,stop_position,tram_stop,yes,3.1732918,36.7326314,,,,,,,,,,,,,,,,,,,,,,,,,,,,,,,,,,,,,,,,,,,,,,,,,,,,,,,,,,,,,,,,
node/3513651506,Foire d'Alger,قصر المعارض,ترامواي الجزائر,Q1688502,SETRAM,Q22688489,stop_position,tram_stop,yes,3.1613624,36.7312998,,,,,,,,,,,,,,,,,,,,,,,,,,,,,,,,,,,,,,,,,,,,,,,,,,,,,,,,,,,,,,,,
node/3513668361,Cinq Maisons,الديار الخمس,ترامواي الجزائر,Q1688502,,Q22688489,,tram_stop,,3.1507849,36.7259033,,,,,,,,,,,,,,,,,,,,,,,,,,,,,,,,,,,,,,,,,,,,,,,,,,,,,,,,,,,,,,,,
node/3513689110,Bekri Bouguerra,بكري بوقرة,ترامواي الجزائر,Q1688502,SETRAM,Q22688489,stop_position,tram_stop,yes,3.1434485,36.7278378,,,,Bekri Bouguerra,,,,,,,,,,,,,,,,,,,,,,,,,,,,,,,,,,,,,,,,,,,,,,,,,,,,,,,,,,,,
node/3513693753,Bellevue,المنظر الجميل,ترامواي الجزائر,Q1688502,SETRAM,Q22688489,stop_position,tram_stop,yes,3.1360464,36.7295175,,,,,,,,,,,,,,,,,,,,,,,,,,,,,,,,,,,,,,,,,,,,,,,,,,,,,,,,,,,,,,,,
node/3513698842,Pont El-Harrach,جسر الحراش,ترامواي الجزائر,Q1688502,SETRAM,Q22688489,stop_position,tram_stop,yes,3.1301771,36.7303138,,,,,,,,,,,,,,,,,,,,,,,,,,,,,,,,,,,,,,,,,,,,,,,,,,,,,,,,,,,,,,,,
node/3513712819,La Glacière,الهواء الجميل,ترامواي الجزائر,Q1688502,SETRAM,Q22688489,stop_position,tram_stop,yes,3.1246565,36.732837,,,,,,,,,,,,,,,,,,,,,,,,,,,,,,,,,,,,,,,,,,,,,,,,,,,,,,,,,,,,,,,,
node/3513715693,Caroubier,الخروبة,ترامواي الجزائر,Q1688502,,Q22688489,,tram_stop,,3.1181711,36.7357507,,,,Caroubier,Caroubier,Caroubier,,,,,,,,,,,,,,,,,,,,,,,,,,,,,,,,,,,,,,,,,,,,,,,,,,,,,,,,,,
node/3513726622,Tripoli-Magharia,طرابلس - المقرية,ترامواي الجزائر,Q1688502,,Q22688489,stop_position,tram_stop,yes,3.113698,36.7370641,,,,,,,,,,,,,,,,,,,,,,,,,,,,,,,,,,,,,,,,,,,,,,,,,,,,,,,,,,,,,,,,
node/3513727274,Tripoli-Hamadeche,طرابلس-حمداش,ترامواي الجزائر,Q1688502,SETRAM,Q22688489,stop_position,tram_stop,yes,3.1041049,36.7407402,,,,,,,,,,,,,,,,,,,,,,,,,,,,,,,,,,,,,,,,,,,,,,,,,,,,,,,,,,,,,,,,
node/3513729589,Tripoli - Thâalibia,,ترامواي الجزائر,Q1688502,SETRAM,Q22688489,stop_position,tram_stop,yes,3.0923089,36.7452426,,,,,,,,,,,,,,,,,,,,,,,,,,,,,,,,,,,,,,,,,,,,,,,,,,,,,,,,,,,,,,,,
node/3513729802,Tripoli - Mosquée,طرابلس - المسجد,ترامواي الجزائر,Q1688502,SETRAM,Q22688489,stop_position,tram_stop,yes,3.0974281,36.7432855,,,,,,,,,,,,,,,,,,,,,,,,,,,,,,,,,,,,,,,,,,,,,,,,,,,,,,,,,,,,,,,,
node/3516056360,La Glacière,,ترامواي الجزائر,Q1688502,,Q22688489,,tram_stop,,3.1245081,36.7326143,,,,La Glacière,,,,,,,,,,,,,,,,,,,,,,,,,,,,,,,,,,,,,,,,,,,,,,,,,,,,,,,,,,,,
node/3694495396,Cité Diplomatique,الحي الدبلوماسي,ترامواي الجزائر,Q1688502,SETRAM,Q22688489,stop_position,tram_stop,yes,3.2593565,36.7739566,,,,Cité Diplomatique,,,local knowledge,,,,,,,,,,,,,,,,,,,,,,,,,,,,,,,,,,,,,,,,,,,,,,,,,,,,,,,,,
node/3694495400,Dergana Centre,درڨانة وسط,ترامواي الجزائر,Q1688502,SETRAM,Q22688489,stop_position,tram_stop,yes,3.2603056,36.7719729,,,,Dergana Centre,,Dergana Center,local knowledge,,yes,,,,,,,,,,,,,,,,,,,,,,,,,,,,,,,,,,,,,,,,,,,,,,,,,,,,,,,
node/3694495413,Faculté Biomédicale,,,,SETRAM,,stop_position,tram_stop,yes,3.2588623,36.7777007,,,,,,,local knowledge,,,,,,,,,,,,,,,,,,,,,,,,,,,,,,,,,,,,,,,,,,,,,,,,,,,,,,,,,
node/4377305014,Cité Diplomatique,,,,SETRAM,,stop_position,tram_stop,yes,3.2593988,36.7739474,,,,Cité Diplomatique,,,,,,,,,,,,,,,,,,,,,,,,,,,,,,,,,,,,,,,,,,,,,,,,,,,,,,,,,,,,
node/4377305015,Dergana Centre,درڨانة وسط,ترامواي الجزائر,Q1688502,SETRAM,Q22688489,stop_position,tram_stop,yes,3.2603157,36.772017,,,,Dergana Centre,,Dergana Center,local knowledge,,yes,,,,,,,,,,,,,,,,,,,,,,,,,,,,,,,,,,,,,,,,,,,,,,,,,,,,,,,
node/4377305016,Faculté Biomédicale,,ترامواي الجزائر,Q1688502,SETRAM,Q22688489,stop_position,tram_stop,yes,3.2588343,36.7777363,,,,,,,local knowledge,,,,,,,,,,,,,,,,,,,,,,,,,,,,,,,,,,,,,,,,,,,,,,,,,,,,,,,,,
node/7301592854,Ruisseau,الرويسو,ترامواي الجزائر,Q1688502,SETRAM,Q22688489,stop_position,tram_stop,yes,3.0834355,36.7429185,,رويسو,,,,,,,,,,,,,,,,,,,,,,,,,,,,,,,,,,,,,,,,,,,,,,,,,,,,,,,,,,,,,,
node/8292893940,Ben Redouan,بن رضوان,ترامواي الجزائر,Q1688502,SETRAM,Q22688489,stop_position,tram_stop,yes,3.2242157,36.7554384,,,,Ben Redouan,,Ben Redouan,,,,,,,,,,,,,,,,,,,,,,,,,,,,,,,,,,,,,,,,,,,,,,,,,,,,,,,,,,
node/8292893942,Ben Redouan,بن رضوان,ترامواي الجزائر,Q1688502,SETRAM,Q22688489,stop_position,tram_stop,yes,3.2242171,36.7554099,,,,Ben Redouan,,Ben Redouan,,,,,,,,,,,,,,,,,,,,,,,,,,,,,,,,,,,,,,,,,,,,,,,,,,,,,,,,,,
way/26300097,Université d'Alger 2,جامعة الجزائر 2 أبو القاسم سعد الله,,,Université d'Alger,,,,,3.0038278,36.7761085,,,,Université d'Alger 2,Universität Algier 2,University of Algiers II,,,,university,Université d'Alger,Q29901623,fr:Université d'Alger 2,center,,,,,,,,,,,,,,,,,,,,,,,,,,,,,,,,,,,,,,,,,,,,,,,,,,
way/26321836,École nationale supérieure en Sciences et Technologie du Sport,المدرسة الوطنية العليا في علوم وتكنولوجيا الرياضة,,,,,,,,3.0006747,36.7663692,,,,École nationale supérieure en Sciences et Technologie du Sport,,,,,,college,,,,center,Dély Brahim,Dély Brahim,college,Institut des Sciences et Technologies du Sport,Institut des Sciences et Technologies du Sport,,,,,,,,,,,,,,,,,,,,,,,,,,,,,,,,,,,,,,,,,,,,,
way/29079838,Faculté de Medecine Mohamed Maherzi ( ex LAPERRINE ),كلية الطب دائرة الطب الشهيد محمد محرزي,,,,,,,,3.0519957,36.7581529,,,,,,,,,,university,,,,center,ALGER,,,,,16000,-2,yes,yes,,,,,,,,,,,,,,,,,,,,,,,,,,,,,,,,,,,,,,,,,
way/29082561,La Faculté centrale,الجامعة المركزية,,,Université d'Alger,Q1190852,,,,3.0554656,36.7710859,,,,La Faculté centrale,,,,,,university,Université d'Alger,Q1190852,fr:Université d'Alger Benyoucef-Benkhedda,center,Alger-Centre,Alger-Centre,,,,16000,,,,2,Rue Didouche Mourad,Rue Didouche Mourad,wall,Draa Ben Khedda,fr:Université d'Alger Benyoucef-Benkhedda,+21321637765,http://www.univ-alger.dz/,,,,,,,,,,,,,,,,,,,,,,,,,,,,,,,,,
way/29190325,Faculté de Médecine Ziania,كلية الطب الزيانية,,,,,,,,3.0168953,36.7668419,,,,Faculté de Médecine Ziania,,Faculty of Medicine Ziania,,,,university,,,,center,Ben Aknoun,,,,,,,,,,Rue Lieutenant Mohamed Benarfa,,,,,,,Ben Aknoun,,,,,,,,,,,,,,,,,,,,,,,,,,,,,,,,
way/29191054,École Supérieur de Police Ali Tounsi,المدرسة العليا للشرطة علي تونسي,,,,,,,,3.0119812,36.766635,,,,École Supérieur de Police Ali Tounsi,,,,,,college,,,,center,Ben Aknoun,,,,,,,,,,,,,,,,,,,,,,,,,,,,,,,,,,,,,,,,,,,,,,,,,
way/29191857,Annexe Ben Aknoun de la Faculté des Sciences Économiques et de Gestion,,,,,,,,,3.014082,36.7648337,,,,,,,,,,university,,,,center,Ben Aknoun,,,,,16000,,,,,,,,,,,,,Appartient à Université d'Alger 3,,,,,,,,,,,,,,,,,,,,,,,,,,,,,,,
way/29193397,Université d'Alger 3,جامعة الجزائر 3,,,,,,,,2.9845358,36.7570634,,جامعة العلوم الإقتصادية و التسيير,,Université d'Alger 3,,Algiers University 3,,,,university,,,,center,Dely Ibrahim,,,,,,,,,,Rue Ahmed Ouaked,,,,,,http://www.univ-alger3.dz/,,,Université de Sciences Economiques et de Gestion,2024-06-18,Sa-Th 06:00-18:00,muslim,,,,,,,,,,,,,,,,,,,,,,,,,,,
way/29671795,Ecole Supérieure des enseignants ⴰⵖⵔⴱⴰⵣ ⴰⵍⵎⵎⴰⵙ ⵏ ⵢⵉⵙⵍⵎⴰⴷⵏ المدرسة العليا للأساتذة,المدرسة العليا للأساتذة - بالقبة,,,,,,,,3.0734495,36.7311136,,,,Ecole Supérieure des enseignants,,Higher Normal School of kouba,,,,university,,,,center,Alger,,,,,16308,,,,,B.P N°92 16308 Vieux-Kouba – Alger,,,,,+21321297511,https://www.ens-kouba.dz/,,,,,,,ⴰⵖⵔⴱⴰⵣ ⴰⵍⵎⵎⴰⵙ ⵏ ⵢⵉⵙⵍⵎⴰⴷⵏ,Aɣerbaz alemmas n yiselmaden,,,,,,,,,,,,,,,,,,,,,,,,,
way/29672062,Cité Universitaire Ecole Normale,,,,,,,,,3.0782072,36.7300915,,,,,,,,,,university,,,,center,,,,,,,,,,,,,,,,,,,,,,,,,,,,,,,,,,,,,,,,,,,,,,,,,,
way/30318624,Cité universitaire pour filles (CUB 6),,,,,,,,,3.1727475,36.7217433,,,,,,,,,,university,,,,center,,,,,,,,,,,,,,,,,,,,,,,,,,cité universitaire pour filles CUB 6 (4000 lits),,,,,,,,,,,,,,,,,,,,,,,,
way/31172025,Institut Supérieur de Gestion et Planification,المعهد العالي للتسيير والتخطيط,,,,,,,,3.1783104,36.7415832,,,,Institut Supérieur de Gestion et Planification (ISGP),,Higher Institute of Management and Planning (ISGP),,,,college,,,,center,,,,,,,,,,,,,wall,,,,,,,,,,,,,,,,,,,,,,,,,,,,,,,,,,,,,
way/31212986,Cité Univrsitaire Abdelkader Belarbi (CUB1),,,,,,,,,3.1823827,36.7320674,,,,,,,,,,university,,,,center,,,,,,,,,,,,,,,,,,,,,,,,,,,university,,,,,,,,,,,,,,,,,,,,,,,
way/39420367,CFPA,,,,,,,,,3.1166079,36.712276,,,,,,,,,,college,,,,center,,,,,,,,,,,,,,,,,,,,,,,,,,,,,,,,,,,,,,,,,,,,,,,,,,
way/42454329,Ecole Supérieure de Materiel,المدرسة العليا للعتاد,,,,,,,,3.1487367,36.7111759,,,,Ecole Supérieure de Materiel,,,,,,university,,,,center,,,,,,,,,,,,,,,,,,,,,,,,,,,,military,,,,,,,,,,,,,,,,,,,,,,
way/43331770,المدرسة الوطنية العليا للأشغال العمومية,المدرسة الوطنية العليا للأشغال العمومية,,,,,,,,3.0685877,36.726099,,,,Ecole supérieure des travaux publics,,,,,,university,,,,center,القبة,,,,,,,,,32,شارع سيدي قريدي,,,,,,http://enstp.edu.dz/ar/,,,,,,,,,,,,,,,,,,,,,,,,,,,,,,,,,
way/55209506,Université d'Alger Campus de Beni Messous,,,,Université d'Alger,,,,,2.989968,36.7808985,,,,,,,,,,university,,,,center,,,,,,,,,,,,,,,,,,,,,,,,,,,,,,,,,,,,,,,,,,,,,,,,,,
way/55215925,CFPA,,,,,,,,,2.9945297,36.7803566,,,,,,,,,,college,,,,center,,,,,,,,,,,,,,,,,,,,,,,,,,,,,,,,,,,,,,,,,,,,,,,,,,
way/80106149,CFPA,,,,,,,,,3.1730121,36.7404269,,,,,,,,,,college,,,,center,,,,,,,,,,,,,,,,,,,,,,,,,,,,,,,,,,,,,,,,,,,,,,,,,,
way/82311529,INSFP,,,,,,,,,3.0482075,36.7373228,,,,,,,,,,college,,,,center,,,yes,,,,,,,,,,,,,,,,,,,,,,,,,,,,,,,,,,,,,,,,,,,,,,,
way/96584700,Institut Technique de l'Arboriculture Fruitière et de la Vigne,,,,,,,,,2.9484169,36.6325097,,,,,,,,,,college,,,,center,,,,,,,,,,,,,wall,,,,,,,,,,,,,,,,,,,,,,,,,,,,,,,,,,,,,
way/96588830,Ecole nationale supérieure d'informatique (ESI) / المدرسة الوطنية العليا للإعلام الآلي,المدرسة الوطنية العليا للإعلام الآلي,,,وزارة التعليم العالي والبحث العلمي (الجزائر),,,,,3.172073,36.7060772,,,,Ecole nationale supérieure d'informatique (ESI),,,,,,university,,Q3578200,ar:المدرسة الوطنية العليا للإعلام الآلي,center,باب الزوار,,,المعهد الوطني للإعلام الآلي,,16309,,,,68,,,wall,,,+213 21 51 60 77,https://www.esi.dz/,,,,,,,,,,,,المعهد الوطني للإعلام الآلي,,,,,,,,,,,,,,,,,,,,,
way/96596610,Institut National de Criminologie et de Criminalistique,المعهد الوطني للأدلة الجنائية وعلم الإجرام,,,,,,,,2.9032573,36.7597407,,,,Institut National de Criminologie et de Criminalistique,,National Institute of Criminology and Forensic,,,,college,,,,center,,,,,,,,,,,,,,,,,https://www.mdn.dz/site_cgn,,,,,,,,,,,military,,INCC,,,,,,,,,,,,,,,,,,,,
way/96600252,École nationale préparatoire aux études d'ingénieur,المدرسة الوطنية التحضيرية لدراسات مهندس,,,Ministère de la Défense Nationale,,,,,3.2653713,36.7316676,,,,École nationale préparatoire aux études d'ingénieur,,,,,,college,,Q3578165,fr:École nationale préparatoire aux études d'ingénieur,center,Rouiba,,,,,,,,,,RN 5,,,,,+213 21 85 51 00,,,,,,,,,,,,,,ENPEI,,,,,,,,,,,,,,,,,,,,
way/96606361,École Militaire Polytechnique,المدرسة العسكرية المتعددة التقنيات,,,,,,,,3.262415,36.7900014,,,,École Militaire Polytechnique,,,,,,college,,Q3578051,fr:École militaire polytechnique,center,,,,École nationale des ingénieurs et des techniciens d'Algérie,,,,,,,,,,,,,http://www.emp.edu.dz/,,,,,,,,,,,military,,,,,,,,,,,,,,,,,,,,,,
way/97658302,Ecole Polytechnique,مدرسة متعددة التقنيات,,,,,,,,3.1505925,36.7237381,,,,Ecole Polytechnique,,,,,,university,,,,center,El Harrach,,,,,,,,,,Avenue des Frères Ouddak,,,,,,,,,,,,,,,,,,,,,,,,,,,,,,,,,,,,,,,
way/97658304,Institut National de Formation et de Perfectionnement des Personnels de l'Education,المعهد الوطني لتكوين مستخدمي التربية وتحسين مستواه,,,,,,,,3.149834,36.7245608,,,,,,,,,,university,,,,center,El-Harrach,,,,,,,,,04,Rue Ouled Sidi Cheikh,,,,,+21323 82 78 26,http://www.infpe.edu.dz/,,,,,,,,,,,,,,,,,,,,,,,,,,,,,,,,,
way/97658307,École Nationale Supérieure Agronomique d'Alger,,,,,,,,,3.1502955,36.7201391,,,,,,,,,,university,,Q21512516,fr:École nationale supérieure agronomique d'Alger,center,El Harrach- Algiers,,,,,16200,,,,,Avenue Hassan Badi,,,,,(213) 23 82 85 07/12,https://www.ensa.dz/,,,,,,,,,,,,,,DZ,webmaster@ensa.dz,Category:École nationale supérieure agronomique (Algiers),,,,,,,,,,,,,,,,,
way/97658654,ENS Véterinaire,,,,,,,,,3.1526831,36.7179144,,,,,,,,,,college,,,,center,,,,,,,,,,,,,,,,,,,,,,,,,,,,,,,,,,,,,,,,,,,,,,,,,,
way/97659075,Cité Universitaire Bouraoui Amar,الاقامة الجامعية بوراوي عمار,,,,,,,,3.1542196,36.7167878,,,,,,,,,,university,,,,center,,,,,,,,,,,,,,,,,,,,,,,,,,,,,,,,,,,,,,,,,,,,,,,,,,
way/102167847,Institut National d'Études de Stratégies Globales,,,,,,,,,3.0573697,36.7298774,,,,,,,,,,college,,,,center,Bir Mourad Raïs,,,,,,,,,,,,,,,+213 21 54 07 07,,,,,,,,,,,,,,INESG,,inesg@inesg.dz,,,,,,,,,,,,,,,,,,
way/108272882,CFPA Belaalem Said,,,,,,,,,3.0931064,36.7175927,,,,,,,,,,college,,,,center,,,,,,,,,,,,,,,,,,,,,,,,,,,,,,,,,,,,,,,,,,,,,,,,,,
way/108280309,CFPA Hamraoui Mohamed,,,,,,,,,3.0941899,36.7025065,,,,,,,,,,college,,,,center,,,,,,,,,,,,,,,,,,,,,,,,,,,,,,,,,,,,,,,,,,,,,,,,,,
way/108285312,CFPA Rabah Ben Yaya,,,,,,,,,3.0819334,36.6988869,,,,,,,,,,college,,,,center,,,,,,,,,,,,,,,,,,,,,,,,,,,,,,,,,,,,,,,,,,,,,,,,,,
way/108285921,CFPA frères Boumaaza,,,,,,,,,3.0622767,36.707751,,,,,,,,,,college,,,,center,,,,,,,,,,,,,,,,,,,,,,,,,,,,,,,,,,,,,,,,,,,,,,,,,,
way/195987543,Cité universitaire CUB3,,,,,,,,,3.1877545,36.7224426,,,,,,,,,,university,,,,center,,,,,,,,,,,,,,,,,,,,,,,,,,,university,,,,,,,,,,,,,,,,,,,,,,,
way/196335499,INSFP Ahmed Mahdi,,,,,,,,,2.9530821,36.7311657,,,,,,,,,,college,,,,center,OULED FAYET,,,,,16094,,,,,W142,,,,,+213 (0)21 37-58-99 Fax +213 (0)21 36-50-11,,,,,,,,,,,,,,,,,,,,,,,,,,,,,,,,,,
way/216555759,Institut National de la Formation et de l'Enseignement Professionnels (INFEP),,,,,,,,,3.0297326,36.7586556,,,,,,,,,,college,,,,center,El Biar,,,,,,,,,09,Rue Ouamrouche Mohand Oulhadj,,,,,+21321.92.24.27,http://www.infp.edu.dz/,,,,,,,,,,,,,,,,,,,,,,,,,,,,,,,,,
way/216901689,École des Hautes Etudes Commerciales,,,,,,,,,3.0124341,36.7466432,,,,,,,,,,university,,,,center,Ben Aknoun,,,,,,,,,,,,,,,,,,,,,,,,,,,,,HEC,,,,,,,,,,,,,,,,,,,,
way/216904129,École nationale supérieure en statistique et en économie appliquée.,كلية العلوم السياسية,,,,,,,,3.0134784,36.7492758,,,,Faculté des Sciences Politiques,,,,,,university,,,,center,,,,,,,,,,,,,,,,,,,,,,,,,,,,,,,,,,,,,,,,,,,,,,,,,,
way/216904131,,,,,,,,,,3.0147492,36.7468226,,,,,,,,,,university,,,,center,,,,,,,,,,,,,,,,,,,,,,,,,,,,,,,,,,,,,,,,,,,,,,,,,,
way/216904141,Faculté des sciences d'information et de communication,كلية علوم الاعلام و الاتصال,,,,,,,,3.0141606,36.7487536,,,,Faculté des sciences d'information et de communication,,,,,,university,,,,center,,,,,,,,,,,,,,,,,,,,,,,,,,,,,,,,,,,,,,,,,,,,,,,,,,
way/216905046,المدرسة الوطنية العليا للعلوم السياسية,المدرسة الوطنية العليا للصحافة وعلوم الإعلام,,,,,,,,3.016329,36.7512235,,جامعة الجزائر 3,,École Nationale Supérieure du journalisme et science d'information,,National Higher School of Political Sciences,,,,university,,,,center,Ben Aknoun,,,,,16058,,,,11,Chemin Doudou Mokhtar,,,,,+213 21 23 01 13,https://www.enssp.dz/,,,Université d'Alger 3,,,,,,,,,,,,,,,,,,,,,,,,,,,,,,
way/216908852,École supérieur de Magistrature,,,,,,,,,3.0227369,36.7652887,,,,École supérieur de Magistrature,,,,,,university,,,,center,,,,,,,,,,,Avenue Khalef Mustapha,,,,,,,,,,,,,,,,,,,,,,,,,,,,,,,,,,,,,,,
way/217173157,Ecole Supérieure de Commerce,,,,,,,,,3.0584492,36.7687042,,,,,,,,,,college,,,,center,Alger Centre,,yes,,,16000,,,,,Rue Djawarhalal Nehru,,,,,,,,,,,,,,,,,,,,,,,,,,,,,,,,,,,,,,,
way/217437884,المعهد الوطني للصحة العمومية,المعهد الوطني للصحة العمومية,,,,,,,,3.026122,36.7577852,,,,Institut national de santé publique,,,,,,college,,,,center,الأبيار,,,,,16030,,,,04,طريق عبد القادر البكري,,,,,+21321 94 52 97,,,,,,,,,,,,,,,,,,,,,,,,,,,,,,,,,,
way/217600786,CFPA Allili Ahmed et Beskri Fatiha,,,,,,,,,3.072752,36.7282977,,,,,,,,,,college,,,,center,,,,,,,,,,,,,,,,,,,,,,,,,,,,,,,,,,,,,,,,,,,,,,,,,,
way/217701132,CFPA Hamoud Mohamed,,,,,,,,,3.0963916,36.7228197,,,,,,,,,,college,,,,center,,,,,,,,,,,,,,,,,,,,,,,,,,,,,,,,,,,,,,,,,,,,,,,,,,
way/217702190,CFPA Mounsi Salah,,,,,,,,,3.099963,36.7233675,,,,,,,,,,college,,,,center,,,,,,,,,,,,,,,,,,,,,,,,,,,,,,,,,,,,,,,,,,,,,,,,,,
way/222347858,École Nationale Supérieure Vétérinaire,مدرسة الوطنية العليا للبيطرة,,,,,,,,3.1693594,36.7121683,,,,École Nationale Supérieure Vétérinaire,,Higher National Veterinary School,,,,university,,,fr:École nationale supérieure vétérinaire d'Alger,center,El Harrach,,,,,,,,,,Route de Bab Ezzouar,,,,,,,,,,,,,,,,,,,,,,,,,,,,,,,,,,,,,,,
way/222355868,Institut technologique d'entretien électromécanique المعهد التكنولوجي للصيانة الكهروميكانيكية,المعهد التكنولوجي للصيانة الكهروميكانيكية,,,وزارة التعليم العالي والبحث العلمي (الجزائر),,,,,3.165421,36.7083947,,,,Institut technologique d'entretien électromécanique,,,,,,university,,,,center,وادي السمار,,,,,,,,,,,,,,,,,,,,,,,,,,,,,ITEEM,,,,,,,,,,,,,,,,,,,,
way/226738803,École de Police,مدرسة الشرطة,,,,,,,,3.2071736,36.72419,,,,École de Police,,,,,,college,,,,center,,,,,,,,,,,,,,,,,,,,,,,,,,,,,,,,,,,,,,,,,,,,,,,,,,
way/226744644,CFPA Ben Mahdi Lounes مركز التكوين المهني بن مهدي لوناس,مركز التكوين المهني بن مهدي لوناس,,,,,,,,3.1906259,36.7181386,,,,CFPA Ben Mahdi Lounes,,,,,,college,,,,center,Bab Ezzouar,,,,,,,,,,,,,,,,,,,,,,,,,,,,,,,,,,,,,,,,,,,,,,,,,
way/226879808,Université des Sciences et de la Technologie Houari Boumediene (USTHB),جامعة هواري بومدين للعلوم و التكنولوجيا,,,,,,,,3.180566,36.7122451,,,,Université des Sciences et de la Technologie Houari Boumediene,,University of Sciences and Technology Houari Boumediene,,,,university,,Q3181219,fr:Université des Sciences et de la Technologie Houari-Boumédiène,center,Bab Ezzouar,,,Université des Sciences et de la Technologie d'Alger,,16111,,,,BP 32,Boulevard de l'Université,,,,,+213 21 24 79 50,http://www.usthb.dz/,,"Superficie totale de l'USTHB: 1.310.000,00 M²",,,,,,Tasdawit n Bab Ezzewar,,,,,USTHB,DZ,contact@usthb.dz,Category:Université des sciences et de la technologie Houari-Boumediene,Algiers,cabinetdurecteur,cabinet_usthb,@MEDIAUSTHB,+213 23 93 48 19,Universidade de Ciência e Tecnologia Houari-Boumediene,Tasdawit n Tussniwin d Tisnumka Hewwari Bumedyen,USTA,,,,,,,,,
way/226910366,CFPA Laghrous Abbas,,,,,,,,,3.2188187,36.7108268,,,,,,,,,,college,,,,center,,,,,,,,,,,,,,,,,,,,,,,,,,,,,,,,,,,,,,,,,,,,,,,,,,
way/226911511,École Supérieure des Techniciens Aéronautiques,المدرسة العليا لتقنيات الطيران,,,,,,,,3.2254087,36.7108857,,,,École Supérieure des Techniciens Aéronautiques,,,,,,university,,,,center,,,,,,,,,,,,,,,,,,,,,,,,,,,,,,,,,,,,,,,,,,,,,,,,,,
way/226921936,INSP Omar Mazrari,INSP عمر مزراني,,,,,,,,3.1658862,36.7341869,,,,,,,,,,college,,,,center,,,,,,,,,,,,,,,,,,,,,,,,,,,,,,,,,,,,,,,,,,,,,,,,,,
way/226928442,Ecole Supérieur Algérienne des Affaires (ESAA),,,,,,,,,3.1610504,36.7317864,,,,,,,,,,college,,,,center,Mohammadia,,,,,,,,,,,,,,,,,,,,,,,,,,,,,ESSA,,,,,,,,,,,,,,,,,,,,
way/227204151,Ecole Nationale Supérieur de Technologie,,,,,,,,,3.3124545,36.7388465,,,,,,,,,,college,,,,center,,,,,,,,,,,,,,,,,,,,,,,,,,,,,,,,,,,,,,,,,,,,,,,,,,
way/228255255,CFPA,,,,,,,,,2.9961119,36.7478869,,,,,,,,,,college,,,,center,,,,,,,,,,,,,,,,,,,,,,,,,,,,,,,,,,,,,,,,,,,,,,,,,,
way/228262871,CFPA,,,,,,,,,2.989191,36.7256898,,,,,,,,,,college,,,,center,,,,,,,,,,,,,,,,,,,,,,,,,,,,,,,,,,,,,,,,,,,,,,,,,,
way/228621912,Cité Universitaire Feminine Ouled Fayet 3,,,,,,,,,2.9564199,36.728249,,,,,,,,,,university,,,,center,,,,,,,,,,,,,,,,,,,,,,,,,,,,,,,,,,,,,,,,,,,,,,,,,,
way/228621926,Cité Universitaire pour Filles 1,المدينة الجامعية للبنات 1,,,,,,,,2.9445539,36.7183209,,,,,,,,,,university,,,,center,,,,,,,,,,,,,,,,,,,,,,,,,,,,,,,,,,,,,,,,,,,,,,,,,,
way/232370603,Institut Français d'Alger,المعهد الفرنسي بالجزائر,,,,,,,,3.060086,36.7744834,,,,Institut Français d'Alger,,,,,,college,,,,center,Alger Centre,Alger Centre,,,,16000,,,,7,شارع النقيب حساني إسعد,,,,,+213 21 73 78 20/21,,,,,,,,,,,,,,,,,,,,,,,,,,الجزائر الوسطى,,,,,,,,
way/232554645,ENSV,,,,,,,,,3.1531219,36.725032,,,,,,,,,,university,,,,center,,,,,,,,,,,,,,,,,,,,,,,,,,,,,,,,,,,,,,,,,,,,,,,,,,
way/240073290,Centre National de Formation des Personnels Specialisés,,,,,,,,,3.054553,36.7196271,,,,,,,,,,college,,,,center,,,,,,,,,,,,,,,,,,,,,,,,,,,,,,,,,,,,,,,,,,,,,,,,,,
way/240321953,Institut National Spécialisé en Arts et Industries Graphiques,المعهد الوطني المتخصص في الفنون والصناعات المطبعية,,,,,,,,3.046284,36.731378,,,,,,,,,,college,,,,center,بئر مراد رايس,,,,,,,,,,,,,,,,,,,,,,,,,,,,,,,,,,,,,,,,,,,,,,,,,
way/240334687,Institut National de Formation Supérieur des Cadres de la Jeunesse,,,,,,,,,3.0271644,36.727778,,,,,,,,,,college,,,,center,,,,,,,,,,,,,,,,,,,,,,,,,,,,,,,,,,,,,,,,,,,,,,,,,,
way/243230490,CFPA,,,,,,,,,3.081154,36.7317572,,,,,,,,,,college,,,,center,,,,,,,,,,,,,,,,,,,,,,,,,,,,,,,,,,,,,,,,,,,,,,,,,,
way/243241539,INSFP Si Athmane,,,,,,,,,3.0803467,36.7325248,,,,,,,,,,college,,,,center,,,,,,,,,,,,,,,,,,,,,,,,,,,,,,,,,,,,,,,,,,,,,,,,,,
way/244638284,Ecole Supérieure d'Hôtellerie et de Restauration d'Alger,المدرسة العليا للفندقة والإطعام بالجزائر,,,,,,,,2.9003914,36.7866998,,,,Ecole Supérieure d'Hôtellerie et de Restauration d'Alger,Höhere Schule für Hotellerie und Gastronomie von Algier,Higher School of Hospitality and Catering of Algiers,,Scuola Superiore Alberghiera e della Ristorazione di Algeri,,university,,,,center,,,,,,,,,,,,,,,,,,,,,,,,,,,,,,,,,,,,,,,,,,,Escuela Superior de Hostelería y Restauración de Argel,,,,,,,
way/245174987,Ecole Nationale Supérieure de Technologie ENST,المدرسة الوطنية العليا للتكنولوجيا,,,Ministère de l'Enseignement Supérieur et de la Recherche Scientifique,,,,,3.2583392,36.7765755,,,,,,,local knowledge,,,college,,,,center,Dergana,,,,,,,,,,Cité Diplomatique,,,,,,,,,,,,,,,,,,,,,,,,,,,,,,,,,,,,,,,
way/246407108,Terrain pour Ecole paramédicale,,,,,,,,,2.9442465,36.7661769,,,,,,,,,,college,,,,center,,,,,,,,,,,,,,,,,,,,,,,,,,,,,,,,,,,,,,,,,,,,,,,,,,
way/246407579,CFPA Djanati Rabah,,,,,,,,,2.9532764,36.7621597,,,,,,,,,,college,,,,center,,,,,,,,,,,,,,,,,,,,,,,,,,,,,,,,,,,,,,,,,,,,,,,,,,
way/246548856,CFPA Houari Boumediene,,,,,,,,,3.0874237,36.6059974,,,,,,,,,,college,,,,center,,,,,,,,,,,,,,,,,,,,,,,,,,,,,,,,,,,,,,,,,,,,,,,,,,
way/248450967,École Nationale d'Administration,المدرسة العليا للإدارة,,,,,,,,3.023601,36.7525502,,,,École Nationale d'Administration,,National school of administration,,,,university,,Q3578062,fr:École nationale d'administration (Algérie),center,Hydra,,,,,,,,,13,Chemin Mahmoud Drarnine,,,,,+213 21 60 13 50,http://www.ena.dz/,,,,2024-09-17,,,,,,,,,,,,,,,,,,,,,,,,,,,,,
way/248897027,CFPA El Hadj Djedai,,,,,,,,,3.0034957,36.7483691,,,,,,,,,,college,,,,center,,,,,,,,,,,,,,,,,,,,,,,,,,,,,,,,,,,,,,,,,,,,,,,,,,
way/249379127,École normale de Bouzaréah,المدرسة العليا للأساتذة بوزريعة,,,,,,,,3.0126523,36.781995,,,,École normale de Bouzaréah,,,,,,university,,,,center,Bouzaréah,,,,,,,,,,Avenue Remili Ali,,,,,+213 21 94 13 57,https://www.ensb.dz/,,,,,,,,,,,,,,,,,,,,,,,,,,,,,,,,,
way/249399013,Ecole Superieure de Banque,المدرسة العليا للمصرفة,,,,,,,,2.9908254,36.7947045,,المدرسة العليا للصيرفة البنكية,,Ecole Superieure de Banque,,,,,,university,,Q30294195,,center,Bouzaréah,,,,,,,,,,,,,,,+213 21 90 29 29,,,,المدرسة العليا للصيرفة البنكية,,,,,,,,,,,,,,,,,,,,,,,,,,,,,,
way/249400292,CFPA Mouloud Kacem Nait Kacem,,,,,,,,,3.004392,36.7855272,,,,,,,,,,college,,,,center,,,,,,,,,,,,,,,,,,,,,,,,,,,,,,,,,,,,,,,,,,,,,,,,,,
way/249409294,CFPA Lounis Khodja Mohamed Arezki,,,,,,,,,3.0089075,36.797084,,,,,,,,,,college,,,,center,,,,,,,,,,,,,,,,,,,,,,,,,,,,,,,,,,,,,,,,,,,,,,,,,,
way/252074574,Ecole Paramédicale,,,,,,,,,3.1031315,36.7346504,,,,,,,,,,college,,,,center,,,,,,,,,,,,,,,,,,,,,,,,,,,,,,,,,,,,,,,,,,,,,,,,,,
way/256853140,Annexe E.N.S.V.,,,,,,,,,3.1513052,36.7152972,,,,,,,,,,university,,,,center,,,,,,,,,,,,,,,,,,,,,,,,,,,,,,,,,,,,,,,,,,,,,,,,,,
way/256853334,Departement de production et d'amélioration végétales,,,,Ecole Nationale Supérieure d'Agronomie,,,,,3.1505825,36.7153789,,,,,,,,,,university,,,,center,,,,,,,,,,,,,,,,,,,,,,,,,,,,,,,,,,,,,,,,,,,,,,,,,,
way/259249856,Ecole Nationale de la Protection Civile,,,,,,,,,3.2644286,36.785694,,,,Ecole Nationale de la Protection Civile,,,local knowledge,,,university,,,,center,,,,,,,,,,,,,,,,,,,,,,,,,,,,,,,,,,,,,,,,,,,,,,,,,,
way/260310373,CFPA Boudjerda Kouider,,,,,,,,,3.0943856,36.7406686,,,,,,,,,,college,,,,center,,,,,,,,,,,,,,,,,,,,,,,,,,,,,,,,,,,,,,,,,,,,,,,,,,
way/260553047,Université de Sciences Islamiques,جامعة العلوم الإسلامية,,,,,,,,3.1170699,36.7334063,,,,Université de Sciences Islamiques,,University of Islamic Sciences,,,,university,,,,center,,,,,,,,,,,,,,,,,,,,,,,,,,,,,,,,,,,,,,,,,,,,,,,,,,
way/261486071,المعهد الفرنسي بالجزائر,المعهد الفرنسي بالجزائر,,,,,,,,3.0399865,36.7464901,,,,Institut Français d'Alger,,,,,,college,,,,center,حيدرة,,,,,,,,,30,شارع الإخوة قادري,,,,,,https://www.algerie.campusfrance.org/espace/espace-dalger,,,,,,,,,,,,,,,,,,,,,,,,,,,https://www.facebook.com/CampusFranceDz/,,,,,,
way/264945761,Lycée Hocine Ait Ahmed,,,,,,,,,2.9112025,36.7024362,,,,,,,,,,college,,,,center,,,,,,,,,,,,,,,,,,,,,,,,,,,,,,,,,,,,,,,,,,,,,,,,,,
way/265403002,,,,,,,,,,3.0451071,36.7817671,,,,,,,,,,college,,,,center,,,,,,,,,,,,,,,,,,,,,,,,,,,,,,,,,,,,,,,,,,,,,,,,,,
way/265592617,CFPA Hadjar Said,,,,,,,,,2.8371305,36.7115977,,,,,,,,,,college,,,,center,,,,,,,,,,,,,,,,,,,,,,,,,,,,,,,,,,,,,,,,,,,,,,,,,,
way/265911161,Lycée Said Touati,ثانوبة سعيد تواتي,,,,,,,,3.0466575,36.7893719,,,,,,,,,,college,,,,center,,,,,,,,,,,,,,,,,,,,,,,,,,,,,,,,,,,,,,,,,,,,,,,,,,
way/267707042,Centre information jeunesse,,,,,,,,,3.050031,36.7888419,,,,,,,,,,college,,,,center,,,,,,,,,,,,,,,,,,,,,,,,,,,,,,,,,,,,,,,,,,,,,,,,,,
way/271924700,Cité Universitaire Ahmed Yousfi (Revoil),,,,,,,,,3.0821925,36.7449313,,,,,,,,,,university,,,,center,,,,,,,,,,,,,,,,,,,,,,,,,,,,,,,,,,,,,,,,,,,,,,,,,,
way/271934829,Centre de formation Meslem Mahieddine,,,,,,,,,3.0884777,36.7469467,,,,,,,,,,college,,,,center,,,,,,,,,,,,,,,,,,,,,,,,,,,,,,,,,,,,,,,,,,,,,,,,,,
way/271934833,Centre National d'Assitance Technique (CNAT),,,,,,,,,3.0879888,36.7436236,,,,,,,,,,college,,,,center,,,,,,,,,,,,,,,,,,,,,,,,,,,,,,,,,,,,,,,,,,,,,,,,,,
way/271991543,CNERATA,,,,,,,,,3.1073348,36.7398375,,,,,,,,,,college,,,,center,,,,,,,-2,,,,,,,,,,,,,,,,,,,,,,,,,,,,,,,,,,,,,,,,,,,
way/273264405,École d'horticulture,,,,,,,,,3.0742698,36.7472892,,,,,,,,,,college,,,,center,,,,,,,,,,,,,,,,,,,,,,,,,,,,,,,,,,,,,,,,,,,,,,,,,,
way/273631846,Institut Algerien des Hautes Etudes Financières,,,,,,,,,3.0516093,36.7536325,,,,,,,,,,university,,,,center,,,,,,,,,,,,,,,,,,,,,,,,,,,,,,,,,,,,,,,,,,,,,,,,,,
way/274675684,Institut National de Vulgarisation Agricole,المعهد الوطني للإرشاد الزراعي,,,,,,,,3.0289207,36.7336206,,,,Institut National de Vulgarisation Agricole,,,,,,university,,,,center,,,,,,,,,,,,,,,,,,,,,,,,,,,,,,,,,,,,,,,,,,,,,,,,,,
way/295099264,CFPA Garcon,,,,,,,,,3.2838999,36.7433879,,,,,,,,,,college,,,,center,,,,,,,,,,,,,,,,,,,,,,,,,,,,,,,,,,,,,,,,,,,,,,,,,,
way/295309065,École de Police de Aïn Benian,مدرسة الشرطة بعين البنيان,,,,,,,,2.9040322,36.7981586,,,,École de Police de Aïn Benian,,,,,,college,,,,center,,,,,,,,,,,,,,,,,,,,,,,,,,,,,,,,,,,,,,,,,,,,,,,,,,
way/297261337,IMSIE Institut de Management Stratégique et d'Intelligence Economique,,,,,,,,,3.0096692,36.7560292,,,,,,,,,,college,,,,center,Ben Aknoun,,college,,,16043,,,,10,Rue Idir Toumi,,,,,+213 21 94 58 66,http://www.imsie.com/,,,,,,,,,,,,,,,,,,,,,,,,,,,,,,,,,
way/297438222,Cité Universitaire pour filles Baya Hocine (CUB4),,,,,,,,,3.1892034,36.7129791,,,,,,,,,,university,,,,center,,,,,,,,,,,,,,,,,,,,,,,,,,,university,,,,,,,,,,,,,,,,,,,,,,,
way/300649139,,,,,,,,,,2.9793023,36.6717044,,,,,,,,,,college,,,,center,,,,,,,,,,,,,,,,,,,,,,,,,,,,,,,,,,,,,,,,,,,,,,,,,,
way/309708884,Annexe de l'Ecole Superieure de la Magistrature,,,,l'Ecole Superieure de la Magistrature,,,,,3.1479799,36.7177128,,,,,,,,,,college,,,,center,El-Harrach,,,,,,,,,,,,,,,,,,,,,,,,,,,,,,,,,,,,,,,,,,,,,,,,,
way/318917867,CFPA Belamine Arezki,,,,,,,,,2.943842,36.7359692,,,,,,,,,,college,,,,center,Ouled Fayet,,,,,16094,,,,,,,,,,+213(0) 21 38 71 89 Fax 021 38 71 89,,,,,,,,,,,,,,,,,,,,,,,,,,,,,,,,,,
way/323802165,ONDEFOC,,,,,,,,,3.2883066,36.7389184,,,,,,,,,,college,,,,center,,,college,,,,,,,,,,,,,,,,,,,,,,,,,,,,,,,,,,,,,,,,,,,,,,,
way/328287372,Centre de Formation de l'Industrie du Ciment,,,,,,,,,3.0823069,36.68973,,,,,,,,,,college,,,,center,,,,,,,,,,,,,,,,,,,,,,,,,,,,,,,,,,,,,,,,,,,,,,,,,,
way/343810647,CFPA,,,,,,,,,2.9921134,36.6431361,,,,,,,,,,college,,,,center,,,,,,,,,,,,,,,,,,,,,,,,,,,,,,,,,,,,,,,,,,,,,,,,,,
way/344394018,Université d'Alger - Faculté de droit,جامعة الجزائر - كلية الحقوق,,,,,,,,3.0339125,36.7318268,,,,Université d'Alger - Faculté de droit,,,,,,university,,,,center,Bir Mourad Raïs,,,,,,,,,,,,,,,,,,,,,,,,,,,,,,,,,,,,,,,,,,,,,,,,,
way/344891319,Ecole Nationale de la Santé Publique,المدرسة الوطنية للصحة العمومية,,,,,,,,3.2552731,36.807574,,,,,,,,,,college,,,,center,El Marsa,,,,,,,,,,,,,,,+21321 86 10 75,www.ands.dz/ensp/lasante.htm,,,,,,,,,,,,,ENSP,,,,,,,,,,,,,,,,,,,,
way/361066711,CFPA El Djamila,مركز التكوين والتمهين,,,,,,,,2.9053394,36.7996638,,,,,,,,,,college,,,,center,,,,,,,,,,,,,,,,,,,,,,,,,,,,,,,,,,,,,,,,,,,,,,,,,,
way/364579424,CFPA Féminin,,,,,,,,,3.2726702,36.7363215,,,,,,,,,,college,,,,center,,,,,,,,,,,,,,,,,,,,,,,,,,,,,,,,,,,,,,,,,,,,,,,,,,
way/382886237,INSFP Bordj El Bahri,,,,,,,,,3.2593364,36.7865837,,,,INSFP Bordj El Bahri,,,local knowledge,,,college,,,,center,,,,,,,,,,,,,,,,,,,,,,,,,,,,,,,,,,,,,,,,,,,,,,,,,,
way/387256106,,القطب العلمي والتكنولوجي عبد الحفيظ إحدادن,,,,,,,,2.8663911,36.688151,,,,Pôle de sciences et technologies Abdelhafid Iheddaden,,Abdelhafid Ihaddaden Scientific and Technological Hub,,,,university,,,,center,,,,,,,,,,,,,,,,,,,,,,,,,,,,,,,,,,,,,,,,,,,,,Abdelhafid Ihaddaden University Hub,,,,,
way/387437292,CFPA,,,,,,,,,3.1291655,36.7096484,,,,,,,,,,college,,,,center,,,,,,,,,,,,,,,,,,,,,,,,,,,,,,,,,,,,,,,,,,,,,,,,,,
way/426908488,Ecole Polytechnique d'Architecture et d'Urbanisme,,,,,,,,,3.1539529,36.7195482,,,,(EPAU),,,,,,college,,,,center,,,,,,,,,,,,,,,,,,,,,,,,,,,,,,EPAU,,,,,,,,,,,,,,,,,,,,
way/430860603,Institut national de la poste et des technologies de l'information et de la communication,المعهد الوطني للبريد وتكنولوجيات الإعلام والاتصال,,,,,,,,3.1423286,36.6616547,,,,,,,,,,college,,,,center,,,,,,,,,,,,,,,,,,,,,,,,,,,,,,,,,,,,,,,,,,,,,,,,,,
way/435213720,CFPA Mohamed Allouche,,,,,,,,,2.9492863,36.6775092,,,,,,,,,,college,,,,center,,,,,,,,,,,,,,,,,,,,,,,,,,,,,,,,,,,,,,,,,,,,,,,,,,
way/435782936,CFPA zENNOUCHE yOUCEF,,,,,,,,,3.0984851,36.6562355,,,,,,,,,,college,,,,center,,,,,,,,,,,,,,,,,,,,,,,,,,,,,,,,,,,,,,,,,,,,,,,,,,
way/454270906,Institut Supérieur de Formation Ferroviaire,,,,,,,,,3.2581387,36.7301063,,,,,,,,,,college,,,,center,Rouiba,,,,,,,,,,,,,,,,,,,,,,,,,,,,,,,,,,,,,,,,,,,,,,,,,
way/458057663,Cima Excellence,,,,,,,,,3.3040683,36.7383574,,,,,,,,,,college,,,,center,Rouiba,,college,,,16012,,,,,RN 5,,,,,+213 560 03 00 03,http://cima-excellence.com/,Lotissement Branci,,,,,,,,,,,,,,,,,,,,,,,,,,,,,,,,
way/475383562,المدرسة العليا للفنون الجميلة,المدرسة العليا للفنون الجميلة,,,,,,,,3.0439637,36.7616947,,المدرسة العليا للفنون الجميلة بالجزائر,ESBA,École Supérieure des Beaux-Arts,,,,,,college,,Q23846121,ar:المدرسة العليا للفنون الجميلة (الجزائر),center,الجزائر الوسطى,,,,,,,,,,جادة كريم بلقاسم,,,,,,https://www.esba.dz/,,,المدرسة العليا للفنون الجميلة بالجزائر,,,,,,,,,,,,,,,,,,,,,,,,,,,,,,
way/478528321,Institut de Technologie Moyen Agricole Spécialisé المعهد التكنولوجي المتوسط الفلاحي المتخصص,المعهد التكنولوجي المتوسط الفلاحي المتخصص,,,,,,,,3.3124624,36.7795012,,,,Institut de Technologie Moyen Agricole Spécialisé,,,,,,college,,,,center,,,,,,,,,,,,,,,,,,,,,,,,,,,,,,,,,,,,,,,,,,,,,,,,,,
way/482709060,École 1er Novembre,,,,,,,,,2.845534,36.716645,,,,École 1er Novembre,,,,,,college,,,,center,,,,,,,,,,,,,,,,,,,,,,,,,,,,,,,,,,,,,,,,,,,,,,,,,,
way/533836030,École de l'environnement,مدرسة البيئة,,,,,,,,3.0777223,36.7482772,,,,École de l'environnement,,,,,,college,,,,center,بلوزداد,,,,,,,,,,,,,,,,,,,,,,,,,,,,,,,,,,,,,,,,,بلوزداد,,,,,,,,
way/561830853,École Supérieure de la Sécurité Sociale,المدرسة العليا للضمان الإجتماعي,,,,,,,,2.9984674,36.7550283,,,,École Supérieure de la Sécurité Sociale,,,,,,college,,,,center,Ben Aknoun,,,,,,,,,,,,,,,,,,,,,,,,,,,,,ESSS,,,,,,,,,,,,,,,,,,,,
way/666205567,Ecole Supérieure des Travaux Publics,,,,,,,,,2.8584479,36.6752884,,,,,,,,,,college,,,,center,,,,,,,,,,,,,,,,,,,,,,,,,,,,,,,,,,,,,,,,,,,,,,,,,,
way/798143230,IRA University,,,,,,,,,3.2234874,36.7559022,,,,,,,,,,university,,,,center,,,,,,,,,,,,,,,,,,,,,,,,,,,,,,,,,,,,,,,,,,,,,,ira.university@gmail.com,https://web.facebook.com/IRAuniversity,,,
way/931985209,,,,,,,,,,3.035375,36.7163102,,,,,,,,,,college,,,,center,,,,,,,,,,,,,,,,,,,,,,,,,,,,,,,,,,,,,,,,,,,,,,,,,,
way/966782506,متوسطة حي عدل فايزي,,,,,,,,,3.252035,36.7822471,,,,,,,,,,college,,,,center,,,,,,,,,,,,,wall,,,,,,,,,,,,,,,,,,,,,,,,,,,,,,,,,,,masonry,,
way/1267564230,المدرسة الوطنية العليا للتكنولوجيا المتقدمة,,,,,,,,,3.0609651,36.7883197,,,,,,,,,,college,,,,center,,,,,,,,,,,,,,,,,,,,,,,,,,,,,,,,,,,,,,,,,,,,,,,,,,
node/2528440794,CFPA Dergana,,,,,,,,,3.2617196,36.7672751,,,,,,,local knowledge,,,college,,,,,,,,,,,,,,,,,,,,,,,,,,,,,,,,,,,,,,,,,,,,,,,,,,,,,,
node/2955994366,,,,,,,,,,3.0548716,36.7735813,,,,,,,,,,college,,,,,,,,,,,,,,,,,,,,,,,,,,,,,,,,,,,,,,,,,,,,,,,,,,,,,,
node/2964284364,SLB Ecole d'anglais,,,,,,,,,3.0591409,36.7736585,,,,,,,,,,college,,,,,,,,,,,,,,,,,,,,,,,,,,,,,,,,,,,,,,,,,,,,,,,,,,,,,,
node/2999559020,علي عسوس,علي عسوس,,,,,,,,3.0110504,36.7760279,,,,Ali Assous,,,,,,college,,,,,,,,,,,,,,,,,,,,,,,,,,,,,,,,,,,,,,,,,,,,,,,,,,,,,,
node/3100318964,Busines school Algeria,,,,,,,,,3.037661,36.7329892,,,,,,,,,,college,,,,,,,,,,,,,,,,,,,,,,,,,,,,,,,,,,,,,,,,,,,,,,,,,,,,,,
node/3105260855,Établissement de formation professionnelle accrédité,,,,,,,,,3.2119766,36.7521259,,,,,,,,,,college,,,,,,,,,,,,,,,,,,,,,,,,,,,,,,,,,,,,,,,,,,,,,,,,,,,,,,
node/3287466378,CEFAM,,,,,,,,,2.8867607,36.757252,,,,,,,,,,college,,,,,,,,,,,,,,,,,,,,+213 20330575,,,,,,,,,,,,,,,,,,,,,,,,,,,,,,,,,,
node/3764904543,farabi,الفارابي,,,,,,,,3.0612394,36.7908411,,,,,,,,,,college,,,,,,,,,,,,,,,,,,,,,,,,,,,,,,,,,,,,,,,,,,,,,,,,,,,,,فارابی,
node/3764904544,Om Habiba,أم حبيبة,,,,,,,,3.0611025,36.7909235,,,,,,,,,,college,,,,,,,,,,,,,,,,,,,,,,,,,,,,,,,,,,,,,,,,,,,,,,,,,,,,,,
node/3764919884,École la concorde,,,,,,,,,3.0290598,36.8118824,,,,,,,,,,college,,,,,,,,,,,,,,,,,,,,,,,,,,,,,,,,,,,,,,,,,,,,,,,,,,,,,,
node/3764922009,,,,,,,,,,3.025276,36.8111824,,,,,,,,,,college,,,,,,,,,,,,,,,,,,,,,,,,,,,,,,,,,,,,,,,,,,,,,,,,,,,,,,
node/3935525162,école Rebah Handla,,,,,,,,,3.0148524,36.7701444,,,,,,,,,,college,,,,,,,,,,,,,,,,,,,,,,,,,,,,,,,,,,,,,,,,,,,,,,,,,,,,,,
node/3949870083,El Klimat Shcoul,,,,,,,,,3.0025279,36.7794459,,,,,,,,,,college,,,,,,,,,,,,,,,,,,,,,,,,,,,,,,,,,,,,,,,,,,,,,,,,,,,,,,
node/3983638335,Centre de formation Bouskour,,,,,,,,,3.0111661,36.7945954,,,,,,,,,,college,,,,,,,,,,,,,,,,,,,,,,,,,,,,,,,,,,,,,,,,,,,,,,,,,,,,,,
node/4003196065,British Council,المجلس البريطانى,,,,,,,,3.0481619,36.7404084,,,,,,,,,,college,,,,,,,,,,,,,,,,,,,,,,,,,,,,,,,,,,,,,,,,,,,,,,,,,,,,,,
node/4003199843,Établissement de perfectionnement de la langue anglaise,,,,,,,,,3.072084,36.7435025,,,,,,,,,,college,,,,,,,,,,,,,,,,,,,,,,,,,,,,,,,,,,,,,,,,,,,,,,,,,,,,,,
node/4035895007,École Aladin,مدرسة علاء الدين,,,,,,,,3.2339553,36.7749515,,,,,,,,,,college,,,,,,,,,,,,,,,,,,,,,,,,,,,,,,,,,,,,,,,,,,,,,,,,,,,,,,
node/4077759236,Ecole Primaire Ourida Meddad,ابتدائية وريدة مداد,,,,,,,,3.2543466,36.8098541,,,,Ecole Primaire Ourida Meddad,,,,,,college,,,,,المرسى,,,,,,,,,,,,,,,,,,,,,,,,,,,,,,,,,,,,,,,,,المرسى,,,,,,,,
node/4086902807,Newton,,,,,,,,,3.0949259,36.7043047,,,,,,,,,,college,,,,,,,,,,,,,,,,,,,,,,,,,,,,,,,,,,,,,,,,,,,,,,,,,,,,,,
node/4113838476,Tirouch mohamed seghir,,,,,,,,,3.2377235,36.7342511,,,,,,,,,,college,,,,,,,,,,,,,,,,,,,,,,,,,,,,,,,,,,,,,,,,,,,,,,,,,,,,,,
node/4118189359,Alcodefi,,,,,,,,,3.2809203,36.7375848,,,,,,,,,,college,,,,,,,,,,,,,,,,,,,,,,,,,,,,,,,,,,,,,,,,,,,,,,,,,,,,,,
node/4281806953,Abed ellah boutoubal,,,,,,,,,2.8910636,36.751135,,,,,,,,,,college,,,,,,,,,,,,,,,,,,,,,,,,,,,,,,,,,,,,,,,,,,,,,,,,,,,,,,
node/4282811387,,,,,,,,,,2.9656618,36.7221262,,,,,,,,,,college,,,,,,,,,,,,,,,,,,,,,,,,,,,,,,,,,,,,,,,,,,,,,,,,,,,,,,
node/4345536489,centre de formation professionnelle,,,,,,,,,2.9065615,36.7038716,,,,,,,,,,college,,,,,,,,,,,,,,,,,,,,,,,,,,,,,,,,,,,,,,,,,,,,,,,,,,,,,,
node/4524479596,Centre de formation professionnel,,,,,,,,,3.3378449,36.7313216,,,,Centre de formation professionnel,,,,,,college,,,,,,,,,,,,,,,,,,,,,,,,,,,,,,,,,,,,,,,,,,,,,,,,,,,,,,
node/4554217253,Ikram,إكرام,,,,,,,,3.1657709,36.7239226,,,,,,,,,,college,,,,,,,,,,,,,,,,,,,,,,,,,,,,,,,,,,,,,,,,,,,,,,,,,,,,,,
node/4704527127,Ecole Nationale Supérieure des Sciences de la Mer et de l'Aménagement du Littoral,,,,Ecole Nationale Supérieure des Sciences de la Mer et de l'Aménagement du Littoral,,,,,2.9817799,36.7553186,,,,,,,,,,university,,Q30294184,,,Dely Brahim,,,,,16320,,,,,"BP 19 Campus Universitaire , Bois Des Cars , Dely Ibrahim –Alger",,,,,(+213) 021 91 77 43/ (+213) 021 91 77 87,http://www.enssmal.dz,,,,,,,,,,,,,,,,,,,,,,,,,,,,,,,,,
node/5179082521,الإقامة الجامعية طالب عبد الرحمان,الإقامة الجامعية طالب عبد الرحمان,,,,,,,,3.0068053,36.7596249,,,,Résidence universitaire TALEB Abderrahmane,,,,,,college,,,,,,,,,,,,,,,,,,,,,,,,,,,,,,,,,,,,,,,,,,,,,,,,,,,,,,
node/5437109954,Cem ahmad chaanan,,,,,,,,,3.1337386,36.7272556,,,,,,,,,,college,,,,,,,,,,,,,,,,,,,,,,,,,,,,,,,,,,,,,,,,,,,,,,,,,,,,,,
node/5462652004,École Nationale de Santé Militaire,المدرسة الوطنية للصحة العسكرية,,,,,,,,3.0621098,36.7184351,,,,École Nationale de Santé Militaire,,,,,,college,,,,,,,,,,,,,,,,,,,,,,,,,,,,,,,,,,,,,,,,,,,,,,,,,,,,,,
node/5481897480,École privée el manale,,,,,,,,,2.9200839,36.8002668,,,,,,,,,,college,,,,,,,,,,,,,,,,,,,,,,,,,,,,,,,,,,,,,,,,,,,,,,,,,,,,,,
node/5564045481,واعيل محمد,واعيل محمد,,,,,,,,3.2389057,36.7277002,,,,Wael Mohamed,,,,,,college,,,,,,,,,,,,,,,,,,,,,,,,,,,,,,,,,,,,,,,,,,,,,,,,,,,,,,
node/5606542421,Centre de formation de la chambre Algérienne du Commerce et de l’industrie (CACI formation),,,,,,,,,3.1598678,36.732662,,,,,,,,,,college,,,,,,,,,,,,,,,,,,,,,,,,,,,,,,,,,,,,,,,,,,,,,,,,,,,,,,
node/5640660121,,,,,,,,,,3.0509884,36.741112,,,,,,,,,,college,,,,,,,,,,,,,,,,,,,,,,,,,,,,,,,,,,,,,,,,,,,,,,,,,,,,,,
node/5658823722,,,,,,,,,,3.1182438,36.7331422,,,,Université de formation continue UFC kharouba,,,,,,college,,,,,,,,,,,,,,,,,,,,,,,,,,,,,,,,,,,,,,,,,,,,,,,,,,,,,,
node/5658830521,,,,,,,,,,3.0040529,36.7790571,,,,Université de formation continue UFC bouzerehea,,,,,,college,,,,,,,,,,,,,,,,,,,,,,,,,,Sa-Th 10:00-17:00,,,,,,,,,,,,,,,,,,,,,,,,,,,,
node/5658830621,,,,,,,,,,2.9831795,36.7576724,,,,Direction de l'Université de formation continue UFC,,,,,,college,,,,,,,,,,,,,,,,,,,,,,,,,,,,,,,,,,,,,,,,,,,,,,,,,,,,,,
node/5745861448,École sabdoun ali,,,,,,,,,3.1886084,36.7466133,,,,,,,,,,college,,,,,,,,,,,,,,,,,,,,,,,,,,,,,,,,,,,,,,,,,,,,,,,,,,,,,,
node/5745861622,,,,,,,,,,3.3376265,36.7228811,,,,,,,,,,college,,,,,,,,,,,,,,,,,,,,,,,,,,,,,,,,,,,,,,,,,,,,,,,,,,,,,,
node/6061074505,Maternelle crèche,,,,,,,,,3.1956858,36.7412482,,,,,,,,,,college,,,,,,,,,,,,,,,,,,,,,,,,,,,,,,,,,,,,,,,,,,,,,,,,,,,,,,
node/6069986085,,,,,,,,,,2.9048578,36.7937858,,,,,,,,,,college,,,,,,,,,,,,,,,,,,,,,,,,,,,,,,,,,,,,,,,,,,,,,,,,,,,,,,
node/6142240987,École privée,,,,,,,,,3.1454633,36.7297559,,,,,,,,,,college,,,,,,,,,,,,,,,,,,,,,,,,,,,,,,,,,,,,,,,,,,,,,,,,,,,,,,
node/6224239787,Chakib jaafer,,,,,,,,,3.2723311,36.7764475,,,,,,,,,,college,,,,,,,,,,,,,,,,,,,,,,,,,,,,,,,,,,,,,,,,,,,,,,,,,,,,,,
node/6481391918,,,,,,,,,,2.8788192,36.7336561,,,,,,,,,,college,,,,,,,,,,,,,,,,,,,,,,,,,,,,,,,,,,,,,,,,,,,,,,,,,,,,,,
node/6681185891,,,,,,,,,,2.9536139,36.712784,,,,,,,,,,college,,,,,,,,,,,,,,,,,,,,,,,,,,,,,,,,,,,,,,,,,,,,,,,,,,,,,,
node/6697098587,Université Bouzereah (Alger 2),,,,,,,,,3.0058285,36.7790804,,,,,,,,,,college,,,,,,,,,,,,,,,,,,,,,,,,,,,,,,,,,,,,,,,,,,,,,,,,,,,,,,
node/6795540594,مركز التكوين المهني ، ملحقة المرسى,مركز التكوين المهني ، ملحقة المرسى,,,,,,,,3.2397398,36.8026305,,,,Centre de Formation Professionnel et d'Apprentissage,,,,,,college,,,,,,,,,,,,,,,,,,,,,,,,,,,,,,,,,,,,,,,,,,,,,,,,,,,,,,CFPA
node/6860275524,École ennassaim,,,,,,,,,3.2348182,36.734571,,,,,,,,,,college,,,,,,,,,,,,,,,,,,,,,,,,,,,,,,,,,,,,,,,,,,,,,,,,,,,,,,
node/10570693613,École privée,,,,,,,,,2.9901134,36.7072376,,,,,,,,,,college,,,,,,,,,,,,,,,,,,,,,,,,,,,,,,,,,,,,,,,,,,,,,,,,,,,,,,